{
  "timestamp": "2025-08-01T15:30:33.525162",
  "dataset_info": {
    "dataset_name": "cuttlefish-jira-golden-dataset-20250731-122634",
    "num_test_cases": 15,
    "jira_documents_count": 1000
  },
  "results": {
    "Naive": {
      "method": "Naive",
      "context_recall": 0.8722222222222222,
      "faithfulness": 0.7977104377104377,
      "factual_correctness": 0.6786666666666666,
      "response_relevancy": 0.8234118657244822,
      "noise_sensitivity": 0.12942612942612944,
      "total_cost_usd": 0.2819402999999997,
      "cost_per_query": 0.01879601999999998,
      "total_tokens": 1160298,
      "tokens_per_query": 77353.2,
      "total_latency_seconds": 544.211874961853,
      "latency_per_query": 36.280791664123534,
      "average_score": 0.6602874643499876
    },
    "BM25": {
      "method": "BM25",
      "context_recall": 0.6444444444444444,
      "faithfulness": 0.7844374923322293,
      "factual_correctness": 0.48600000000000004,
      "response_relevancy": 0.6350741983337875,
      "noise_sensitivity": 0.10310362714208866,
      "total_cost_usd": 0.2239243500000001,
      "cost_per_query": 0.014928290000000007,
      "total_tokens": 871061,
      "tokens_per_query": 58070.73333333333,
      "total_latency_seconds": 482.87395787239075,
      "latency_per_query": 32.19159719149272,
      "average_score": 0.5306119524505101
    },
    "Multi-Query": {
      "method": "Multi-Query",
      "context_recall": 0.9222222222222223,
      "faithfulness": 0.7993123543123543,
      "factual_correctness": 0.7,
      "response_relevancy": 0.8890471119642204,
      "noise_sensitivity": 0.1209013209013209,
      "total_cost_usd": 0.3060087,
      "cost_per_query": 0.02040058,
      "total_tokens": 1277130,
      "tokens_per_query": 85142.0,
      "total_latency_seconds": 678.1253716945648,
      "latency_per_query": 45.20835811297099,
      "average_score": 0.6862966018800236
    },
    "Parent Document": {
      "method": "Parent Document",
      "context_recall": 0.6733333333333333,
      "faithfulness": 0.7913974306853565,
      "factual_correctness": 0.584,
      "response_relevancy": 0.629320269926382,
      "noise_sensitivity": 0.23004601063424593,
      "total_cost_usd": 0.1313947499999999,
      "cost_per_query": 0.008759649999999992,
      "total_tokens": 536451,
      "tokens_per_query": 35763.4,
      "total_latency_seconds": 348.02164602279663,
      "latency_per_query": 23.201443068186443,
      "average_score": 0.5816194089158636
    },
    "Contextual Compression": {
      "method": "Contextual Compression",
      "context_recall": 0.7777777777777778,
      "faithfulness": 0.7799526721265851,
      "factual_correctness": 0.5786666666666667,
      "response_relevancy": 0.8853794261668497,
      "noise_sensitivity": 0.18460694534223945,
      "total_cost_usd": 0.13592819999999992,
      "cost_per_query": 0.009061879999999994,
      "total_tokens": 560646,
      "tokens_per_query": 37376.4,
      "total_latency_seconds": 313.60824179649353,
      "latency_per_query": 20.907216119766236,
      "average_score": 0.6412766976160238
    },
    "Ensemble": {
      "method": "Ensemble",
      "context_recall": 0.9555555555555556,
      "faithfulness": 0.8720013646484236,
      "factual_correctness": 0.6293333333333333,
      "response_relevancy": 0.9518839023937576,
      "noise_sensitivity": 0.0,
      "total_cost_usd": 0.34872540000000024,
      "cost_per_query": 0.023248360000000017,
      "total_tokens": 1488131,
      "tokens_per_query": 99208.73333333334,
      "total_latency_seconds": 704.277813911438,
      "latency_per_query": 46.95185426076253,
      "average_score": 0.681754831186214
    },
    "Semantic Chunking": {
      "method": "Semantic Chunking",
      "context_recall": 0.9555555555555556,
      "faithfulness": 0.8249775078722447,
      "factual_correctness": 0.7559999999999999,
      "response_relevancy": 0.9538166226089894,
      "noise_sensitivity": 0.22904237013548753,
      "total_cost_usd": 0.2774752499999999,
      "cost_per_query": 0.018498349999999993,
      "total_tokens": 1142181,
      "tokens_per_query": 76145.4,
      "total_latency_seconds": 500.3975419998169,
      "latency_per_query": 33.359836133321124,
      "average_score": 0.7438784112344554
    }
  }
}